ID,peptide,Gene,variant_type,variant_info,score,patient,cancer,confirmed,s2dd_distance,score_lev_calibrated,score_blosum_calibrated,s2dd_blosum
A1,VLHRWLQQTI,GOLGA6A,nonsynonymous SNV,Q198H,0.618333995342254,P1017343,Lung cancer,True,-0.9271497008544466,0.35554303062745335,0.24771836983541737,-2.6337515479200397
A2,VSLADRLL,LRIT1,nonframeshift substitution,E594L,0.613806426525116,P1017343,Lung cancer,False,-0.0011654947899324,0.3444694354635382,0.25212542480133265,-2.565601446790371
A3,KLTDTSVR,SLC5A4,nonsynonymous SNV,E632V,0.613158285617828,P1017343,Lung cancer,True,0.0128802416907423,0.3437035376163728,0.2659498257115629,-2.743912936269912
A4,CAPRSWRF,ZIC4,frameshift insertion,P132Rfs*137,0.612168908119201,P1017343,Lung cancer,False,-0.9230287657489938,0.34982124943127535,0.2612542858557545,-2.665716150346889
A5,YDLLSFDR,DHX29,nonframeshift substitution,N838F,0.61009931564331,P1017343,Lung cancer,True,-0.4787732207664602,0.34603796076598725,0.26239736624256155,-2.6863639000329353
A6,FDLQNLVL,TAF1L,nonframeshift substitution,K1094L,0.607792794704437,P1017343,Lung cancer,False,-0.6304573498532579,0.3463101760972698,0.2585498131121799,-2.6583779591047847
A7,VLPHELYWRF,TRABD2B,nonsynonymous SNV,L121F,0.605416715145111,P1017343,Lung cancer,True,-0.0230514621998737,0.33406000741962605,0.25734780615401354,-2.656908517867029
A8,TSCLDQLR,USP35,frameshift insertion,E371Dfs*29,0.604876160621643,P1017343,Lung cancer,False,0.0768870360307022,0.3320024271254331,0.24839520004029197,-2.5744444953942143
A9,FLDSERQRV,CCDC85B,nonsynonymous SNV,G91V,0.603886246681213,P1017343,Lung cancer,False,-0.1365830466976599,0.3342932757354354,0.2304173078785231,-2.538572720431254
A10,VVQPLKRM,DACT1,nonsynonymous SNV,K471R,0.603653907775878,P1017343,Lung cancer,False,-0.0742928580876148,0.33326024095796053,0.24303845276630365,-2.607885412672216
A11,FDKEYILSH,DOCK4,nonsynonymous SNV,V1526D,0.602913558483123,P1017343,Lung cancer,False,0.0262698109889095,0.3346561158714195,0.26294231696074394,-2.7622574437582856
A12,LEFLDLRAV,SNTG2,nonsynonymous SNV,Q501L,0.602650165557861,P1017343,Lung cancer,False,-0.6313104042406397,0.3416811345131592,0.25865375070377133,-2.7211050458837236
A13,TQISQLAAV,PML,nonframeshift deletion,K623del,0.602170526981353,P1017343,Lung cancer,False,0.1307623143477323,0.3292839873210843,0.24745140132828408,-2.5758891469545504
A14,YQEALKIY,DOCK4,frameshift insertion,F1524Lfs*12,0.597128868103027,P1017343,Lung cancer,False,0.0550070124492436,0.32589743198833737,0.24557274090890294,-2.5770951265439965
A15,QTGAHLQV,ZIC4,frameshift insertion,P132Rfs*137,0.597087979316711,P1017343,Lung cancer,False,0.013535127305356,0.3298657567138688,0.241667471975155,-2.620721091492626
A16,DLKIDNETQI,PML,nonframeshift deletion,K623del,0.594952523708343,P1017343,Lung cancer,False,0.1771755608997675,0.31882530515489804,0.2457877071631082,-2.5898178136842733
A17,SAVQQAALAY,NINL,nonsynonymous SNV,C381Y,0.593553781509399,P1017343,Lung cancer,True,0.0650514430706612,0.32286161933599505,0.2264571268788724,-2.527197441808858
A18,VTSYTLLRV,ABCD1,nonsynonymous SNV,A232V,0.593031585216522,P1017343,Lung cancer,False,-0.983858609186892,0.33369055075910203,0.25241770903170185,-2.7009327333333455
A19,IIRIDLPR,XKR7,nonsynonymous SNV,V522I,0.592830717563629,P1017343,Lung cancer,False,0.0768870360307022,0.32103787003362133,0.25826729509301927,-2.763760447273018
A20,ALEAAKRLTA,SUCLG2,nonsynonymous SNV,N76T,0.592341721057891,P1017343,Lung cancer,False,-0.058182212642744,0.3236527119727467,0.24254500203136473,-2.5534343560798765
A1,LLVTQEILRT,PEAK1,frameshift deletion,T349Kfs*32,0.629451751708984,P980589,Breast cancer,False,-0.0032614149414694,0.35449988501627516,0.25243413257075836,-2.6031136762893343
A2,VADVDISR,FAM135B,nonsynonymous SNV,T536I,0.627753674983978,P980589,Breast cancer,False,0.0768870360307022,0.3514665582853821,0.26849542742366417,-2.66594515458293
A3,NRADFDDTV,MYOM2,nonsynonymous SNV,A225V,0.623175919055938,P980589,Breast cancer,False,0.1307623143477323,0.346955783560459,0.2555093733897541,-2.561103307273218
A4,TVQAKLTL,NF2,nonsynonymous SNV,A62T,0.622698962688446,P980589,Breast cancer,False,-0.4414557787527563,0.35689287093393285,0.2501183737135326,-2.6414623308302203
A5,GLQDKDLL,DRAXIN,nonframeshift deletion,L106del,0.618272244930267,P980589,Breast cancer,False,0.0768870360307022,0.34198036400899445,0.2542021439595045,-2.5684312660316846
A6,VTFATSAK,MAML2,frameshift deletion,Q605Afs*122,0.618009686470031,P980589,Breast cancer,False,-1.4822093721346592,0.3661180552566332,0.25357140609150364,-2.562858554097655
A7,TLRKVDTV,NUDT1,nonsynonymous SNV,E152K,0.616552472114563,P980589,Breast cancer,False,0.0515462725405637,0.3421684188471245,0.2494614055342629,-2.624816693552649
A8,ALLMKQHGSA,TRANK1,frameshift insertion,C1930Sfs*48,0.614592552185058,P980589,Breast cancer,False,0.0613051433525974,0.3403652561410174,0.24606557899398673,-2.6311579696421252
A9,VLRQPVVY,PEAK1,frameshift deletion,T349Kfs*32,0.613449335098266,P980589,Breast cancer,False,-0.0742928580876148,0.3415913615201717,0.2642168534846504,-2.726369697557268
A10,VSPAAAPQAV,KRTAP5-10,frameshift deletion,G103Rfs*106,0.612353205680847,P980589,Breast cancer,True,-0.3722758737057027,0.3464340155462451,0.2503385547604576,-2.553708432388349
A11,VGAPKVAV,KRTAP5-10,frameshift deletion,G103Rfs*106,0.61068308353424,P980589,Breast cancer,False,-2.009767242424377,0.37108730568527093,0.2444475470171298,-2.6294350290013817
A12,VLKNLLVL,CNR1,nonsynonymous SNV,E133K,0.609064757823944,P980589,Breast cancer,True,-0.9186185992228346,0.35221925463674275,0.2677033793232108,-2.7786148415112355
A13,GLPFRTICM,SI,nonsynonymous SNV,H1432P,0.607445359230041,P980589,Breast cancer,False,0.0875624637427579,0.33278862638083034,0.2499517924096882,-2.569837031077948
A14,AAAARSGQH,TRIM7,nonsynonymous SNV,C130S,0.60709536075592,P980589,Breast cancer,False,0.1657453575238806,0.3285399138626319,0.2483772382700593,-2.554961631216099
A15,LQEAAMLLHA,TRANK1,frameshift insertion,C1930Sfs*43,0.606639385223388,P980589,Breast cancer,False,-0.2138259831417928,0.3390924124919365,0.24522768422645191,-2.655490514922732
A16,VVLVAAPSAI,KRTAP5-10,frameshift deletion,G103Rfs*106,0.606356084346771,P980589,Breast cancer,False,-0.1850836850225602,0.33706102513393005,0.2444665628113644,-2.6480928807363697
A17,FDSRVPGV,TFF3,nonsynonymous SNV,I63V,0.604425489902496,P980589,Breast cancer,False,0.0768870360307022,0.3316286003044264,0.24935919209279864,-2.58741828334099
A18,VIPTMTQGV,PDK1,nonsynonymous SNV,A157T,0.604388356208801,P980589,Breast cancer,True,-2.009767242424377,0.3645067377324045,0.24788303943102577,-2.570790269297469
A19,KDIHMEQSI,ZBP1,nonsynonymous SNV,Q177K,0.604272484779357,P980589,Breast cancer,False,0.1363319039339766,0.3309452513228689,0.24753070293569224,-2.5565733639793717
A20,ISVDRYLEI,GPR52,nonsynonymous SNV,A142E,0.602549076080322,P980589,Breast cancer,False,0.0958731671984856,0.3286622758453191,0.24283894993757785,-2.610384884711296
A1,FFEQDDEDDL,BUB1,nonsynonymous SNV,L910F,0.630651474,P9280216,Pancreatic cancer,False,0.1771755608997675,0.3476896169982734,0.23418490214266827,-2.482479648691121
A2,GQFHDNANW,KHSRP,nonsynonymous SNV,G229W,0.621903002,P9280216,Pancreatic cancer,False,0.2104552986669326,0.33994939849110534,0.23428238232639342,-2.5167159747792067
A3,DIVEEDGKGK,HDGFL3,nonsynonymous SNV,R128I,0.617524385,P9280216,Pancreatic cancer,True,0.1771755608997675,0.3368144342261029,0.2497539708376467,-2.6238818664278085
A4,DDHLMGKQHI,LUC7L3,nonsynonymous SNV,M218I,0.614479125,P9280216,Pancreatic cancer,False,0.1771755608997675,0.33433622638967103,0.2486139428718573,-2.624381552524424
A5,IIKKWWRSF,SPATA17,nonsynonymous SNV,Q63K,0.614111841,P9280216,Pancreatic cancer,False,0.1307623143477323,0.3392313105723037,0.2608824009491775,-2.6913640166511152
A6,QLEQAKSHW,WWC1,nonsynonymous SNV,G1032W,0.613956988,P9280216,Pancreatic cancer,False,0.1307623143477323,0.3391006688933268,0.24848451338756386,-2.625182437177403
A7,FILIVLDVLK,DRG1,nonsynonymous SNV,L144F,0.613034368,P9280216,Pancreatic cancer,True,-1.1102700636308631,0.35394591579905227,0.26364957254449317,-2.685233552691876
A8,FVVEQDVDMV,PKM,nonsynonymous SNV,G217V,0.612350166,P9280216,Pancreatic cancer,False,-0.0016194570321295,0.3431993924633111,0.2595973962506037,-2.686518743313477
A9,SDDTEKKKL,VPS4B,nonsynonymous SNV,.P111T,0.612349987,P9280216,Pancreatic cancer,False,-0.0197914960601267,0.33988702603882015,0.2501494594265852,-2.5516192799882793
A10,TVRSTTEKSI,IDO1,nonsynonymous SNV,L399I,0.611554027,P9280216,Pancreatic cancer,False,0.147471083106465,0.3323587994851988,0.2275739473942382,-2.4694961363791403
A11,QQKEIIEQW,ARFGEF1,nonsynonymous SNV,G705W,0.609868169,P9280216,Pancreatic cancer,False,0.1307623143477323,0.33566695396758317,0.2628152248381488,-2.729090394983045
A12,QVNEVTGTIR,MRPL49,nonsynonymous SNV,L147I,0.609801292,P9280216,Pancreatic cancer,False,0.1771755608997675,0.3305612226164068,0.24946915926330265,-2.5552670446921133
A13,SLNLDDNAK,MRPS35,nonsynonymous SNV,H185N,0.609518468,P9280216,Pancreatic cancer,False,0.1307623143477323,0.33537468746055005,0.24395780649049012,-2.6287940297453405
A14,RSLATLHER,ADGRG7,nonsynonymous SNV,P472A,0.608961701,P9280216,Pancreatic cancer,False,-0.1839720010209334,0.3392808818939328,0.2455125258547934,-2.6487369907812974
A15,YAGKEDIVQ,MYOF,nonsynonymous SNV,P1400Q,0.608828187,P9280216,Pancreatic cancer,False,0.1307623143477323,0.33336409916020365,0.24772888100147109,-2.5398123014768053
A16,VHTQMGKL,HSH2D,nonsynonymous SNV,Q25K,0.608625412,P9280216,Pancreatic cancer,False,0.0768870360307022,0.3351264048261384,0.2508025692764768,-2.58463717338588
A17,VEHMRTDSRL,ABCD4,nonsynonymous SNV,R147S,0.608467579,P9280216,Pancreatic cancer,False,-0.9874955263870764,0.34756167192819915,0.24819572294800385,-2.5467610939690104
A18,RTRLEQVHEL,ZNFX1,nonsynonymous SNV,W1740L,0.608064651,P9280216,Pancreatic cancer,False,-1.0617215958115778,0.34848084298853177,0.24895063312429025,-2.5557712630009495
A19,QVKVDSAQV,ZNF131,nonsynonymous SNV,Q208K,0.606357157,P9280216,Pancreatic cancer,False,-0.5274483468020909,0.3434254404957088,0.26006841891514987,-2.6803875833586535
A20,KHRSQRYESL,RPL29,nonsynonymous SNV,P24H,0.606152773,P9280216,Pancreatic cancer,False,0.1771755608997675,0.32764316502557717,0.23049149406323619,-2.5303104777980483
A1,DDDDSHVR,E116D,nonsynonymous SNV,E116D,0.64074,P1057556,Lung cancer,False,0.269137643947537,0.35487811024836435,0.23729294214189256,-2.4828596655013913
A2,YDAMDNDIVK,Q464K,nonsynonymous SNV,Q464K,0.63659,P1057556,Lung cancer,False,0.1771755608997675,0.35271542360473274,0.2398247075716746,-2.5273010983531514
A3,NNDIIHNENM,H549N,nonsynonymous SNV,H549N,0.63618,P1057556,Lung cancer,False,0.1771755608997675,0.35236625719737474,0.23617881695367787,-2.486261419924464
A4,IVRHQQLSDL,L662I,nonsynonymous SNV,L662I,0.62774,P1057556,Lung cancer,False,0.1307623143477323,0.34928472455992143,0.23793736179329142,-2.53858325825687
A5,YVVDQWEV,G180W,nonsynonymous SNV,G180W,0.62508,P1057556,Lung cancer,False,0.0768870360307022,0.3491410557974281,0.2521671026949165,-2.6530341495354737
A6,GVDDGNLIIK,G30V,nonsynonymous SNV,G30V,0.61682,P1057556,Lung cancer,False,0.0331719793366854,0.34663206878347663,0.23232450698674825,-2.511742793956462
A7,VIHGKLLDIV,M106I,nonsynonymous SNV,M106I,0.61662,P1057556,Lung cancer,False,-0.8673780142740322,0.35845782916433355,0.24928760814143383,-2.6226580161202606
A8,DDQYLLVDAL,G508V,nonsynonymous SNV,G508V,0.61601,P1057556,Lung cancer,False,-1.5302747058594122,0.36518150055147025,0.2510904333149291,-2.546035898537429
A9,FIIDDKGILL,R140L,nonsynonymous SNV,R140L,0.61402,P1057556,Lung cancer,False,0.1307623143477323,0.3391538236402038,0.24792063409083442,-2.618736737549324
A10,HSDIQEIELR,P6606H,nonsynonymous SNV,P6606H,0.61397,P1057556,Lung cancer,False,0.0409949852495622,0.34401979879821093,0.23244425818133702,-2.5244576387812567
A11,VLTRDLQL,P515T,nonsynonymous SNV,P515T,0.61386,P1057556,Lung cancer,False,-0.960763753048661,0.35202315343467144,0.2611347817071307,-2.656934382922459
A12,DLDKDNSIR,K403N,nonsynonymous SNV,K403N,0.61238,P1057556,Lung cancer,False,0.1307623143477323,0.33630422905941587,0.22947995851107353,-2.4919938323480237
A13,HENSDKETKI,R151S,nonsynonymous SNV,R151S,0.61226,P1057556,Lung cancer,False,0.1771755608997675,0.33254063276438756,0.23103944110008706,-2.513046163018197
A14,YLIPDIYLKL,D177Y,nonsynonymous SNV,D177Y,0.61192,P1057556,Lung cancer,False,-0.4694795598483924,0.3475319882820928,0.24649261977061804,-2.647089314210193
A15,DVDIVFSNI,K102N,nonsynonymous SNV,K102N,0.6105,P1057556,Lung cancer,False,-1.0342301697120455,0.3502326870186476,0.25194630580013333,-2.588843617703454
A16,RIPQTDQAV,R108I,nonsynonymous SNV,R108I,0.61015,P1057556,Lung cancer,False,0.0527897877274537,0.3367276255235134,0.2510197111607085,-2.569637022348949
A17,LEDRVPQNTI,K323N,nonsynonymous SNV,K323N,0.60999,P1057556,Lung cancer,False,0.1111433617525848,0.33458229609422113,0.2448468759853614,-2.636880280568186
A18,YVEDVQNFL,S23Y,nonsynonymous SNV,S23Y,0.60992,P1057556,Lung cancer,False,0.0919204095453878,0.3347789752338832,0.25161793372154556,-2.5878356471330966
A19,FEGKHLEDQL,P130H,nonsynonymous SNV,P130H,0.60988,P1057556,Lung cancer,True,0.1307623143477323,0.3356768457106176,0.2484795477546282,-2.5437267434175967
A20,YHALDSDNM,E287D,nonsynonymous SNV,E287D,0.60982,P1057556,Lung cancer,True,0.1511841428306278,0.3309118778169466,0.2499801556055932,-2.5595422244713326
A1,VSIAKGLITL,SNF8,nonsynonymous SNV,M10I,0.592064083,P1060513,Breast cancer,False,-0.0327957892723225,0.32311179745099394,0.25277089869223823,-2.671140167914471
A2,YSNLENVYK,OGT,nonsynonymous SNV,G96E,0.589447677,P1060513,Breast cancer,False,0.0768870360307022,0.3183370002323229,0.24216078769885818,-2.5717924691676917
A3,YINKVEEQK,DBI,nonsynonymous SNV,L81Q,0.589368463,P1060513,Breast cancer,False,0.1307623143477323,0.3188961196568696,0.23640608330304635,-2.5901433678969776
A4,TVKHSTDGDF,METTL14,nonsynonymous SNV,R298H,0.589198649,P1060513,Breast cancer,False,0.1771755608997675,0.31437511698832277,0.22277757918956473,-2.4919006071363436
A5,RQELIQELR,CFAP91,nonsynonymous SNV,L500Q,0.588721752,P1060513,Breast cancer,False,0.0768870360307022,0.3177599200993071,0.24038434568698902,-2.543428190369952
A6,QELIQELR,CFAP91,nonsynonymous SNV,L500Q,0.586753786,P1060513,Breast cancer,False,0.0768870360307022,0.31619981725089236,0.24183411910796074,-2.5699219284558708
A7,IAKGLITL,SNF8,nonsynonymous SNV,M10I,0.586345971,P1060513,Breast cancer,False,-0.0595954119325637,0.31878045490465506,0.25259396481714036,-2.7354643333762705
A8,RQELIQEL,CFAP91,nonsynonymous SNV,L394Q,0.585860848,P1060513,Breast cancer,False,0.013535127305356,0.32047989590867176,0.22416067194076944,-2.5269534595635346
A9,LVKETDKY,STX7,nonsynonymous SNV,A63V,0.572221279,P1060513,Breast cancer,False,0.013535127305356,0.3093664972383188,0.2357535063632645,-2.5731566970146194
A10,GSNKKADRTF,TRMT10B,nonsynonymous SNV,P84T,0.5716784,P1060513,Breast cancer,False,0.1771755608997675,0.3011425238827409,0.23137337369023564,-2.642779193331732
A11,FQKVSVPSNL,KTN1,nonsynonymous SNV,P1052Q,0.567806125,P1060513,Breast cancer,False,0.0350654683165299,0.3056091299290091,0.23481699428706465,-2.583072302397276
A12,VKNFGIWLHY,RPL18A,nonsynonymous SNV,R83H,0.562835991,P1060513,Breast cancer,False,0.0751156046677042,0.29861345445466686,0.23907724473566108,-2.6556403142611895
A13,QQYTNQLV,STX7,nonsynonymous SNV,A63V,0.561361253,P1060513,Breast cancer,True,0.0214492860334265,0.3006557128668994,0.2311442865719012,-2.5547252024050806
A14,YDIVYPIKC,OTUD4,nonsynonymous SNV,Y92C,0.55837369,P1060513,Breast cancer,False,0.1307623143477323,0.2948475183086792,0.22684953292133145,-2.6081151359383963
A15,VQQQASKML,PIN4,nonsynonymous SNV,P27L,0.557054758,P1060513,Breast cancer,True,0.1307623143477323,0.2938567738680981,0.23870806930045352,-2.6831155497372934
A16,VVCNECPNVK,DNAJB11,nonsynonymous SNV,D194N,0.548676133,P1060513,Breast cancer,False,-0.0395033926280352,0.28919899475979727,0.23300188907247332,-2.6905714841926898
A17,TELAMCQSV,KRT18,nonsynonymous SNV,R175C,0.547527373,P1060513,Breast cancer,False,0.04167840501392,0.28742654527730266,0.22674564176702372,-2.562298961383865
A18,QLNPWQVSI,SNF8,nonsynonymous SNV,M10I,0.543080032,P1060513,Breast cancer,False,-0.1862960977494227,0.2871514787763658,0.23211545917339674,-2.6711132819914387
A19,SETESRESY,WRNIP1,nonsynonymous SNV,G103S,0.528287232,P1060513,Breast cancer,True,0.013535127305356,0.2755545174117354,0.21865276865192085,-2.5393015027057873
A20,RTFWICLTGF,TRMT10B,nonsynonymous SNV,P84T,0.506580293,P1060513,Breast cancer,False,-0.3035811256224824,0.2610906325949149,0.21238983006520978,-2.5597353204493185
