subset,metric,predicted,actual,n,prevalence,source,seen,model,mean_dist
SPRWYFYYL,aucroc,0.5351909670176311,0.3857135887066171,1536,0.1875,cv,cv,nettcr,
GLCTLVAML,aucroc,0.5565025449636424,0.2955844482130519,665,0.2397959183673469,cv,cv,nettcr,
YLQPRTFLL,aucroc,0.6371622851432838,0.6646853146853146,136,0.1802413273001508,cv,cv,nettcr,
CTFEYVSQPFLMDLE,aucroc,0.8844213382729911,0.6928363732487445,136,0.3009143807148794,cv,cv,nettcr,
NLVPMVATV,aucroc,0.5359829571389783,0.5413333333333334,130,0.2511666293303966,cv,cv,nettcr,
CTFEYVSQPFLMDLE,aucroc,0.6463029465150645,0.5923434820499845,1186,0.3009143807148794,cv,cv,nettcr,
TDEMIAQYTSALLAG,aucroc,0.4453756690818943,0.2890989340439707,784,0.2089171974522293,cv,cv,nettcr,
LTDEMIAQY,aucroc,0.4390082013393768,0.4058772687986171,332,0.181592039800995,cv,cv,nettcr,
CINGVCWTV,aucroc,0.4293655797984824,0.4599262769878883,256,0.1371237458193979,cv,cv,nettcr,
SPRWYFYYL,aucroc,0.691985536041908,0.7340604026845637,189,0.1875,cv,cv,nettcr,
TPRVTGGGAM,aucroc,0.4591197033473786,0.3927933293627159,169,0.1888888888888888,cv,cv,nettcr,
YLQPRTFLL,aucroc,0.6699473056120687,0.7817708333333333,158,0.1802413273001508,cv,cv,nettcr,
RLPGVLPRA,aucroc,0.4193981447767201,0.3707918444760549,130,0.145985401459854,cv,cv,nettcr,
NLVPMVATV,aucroc,0.6498613617285718,0.5810859403092412,130,0.2511666293303966,cv,cv,nettcr,
TFEYVSQPFLMDLE,aucroc,0.8580175510136583,0.9767610748002904,129,0.1693373754872239,cv,cv,nettcr,
YLQPRTFLL,aucroc,0.4402338472553831,0.2808722772034085,1162,0.1802413273001508,cv,cv,nettcr,
TSRTLSYYKLGASQRVA,aucroc,0.3852961567823829,0.3270426006124631,811,0.2061611374407582,cv,cv,nettcr,
QYIKWPWYI,aucroc,0.4547309919968759,0.4861634886067881,348,0.16386385640872864,cv,cv,nettcr,
NQKLIANQF,aucroc,0.3965861394425001,0.4645454545454545,233,0.1704545454545454,cv,cv,nettcr,
SPRWYFYYL,aucroc,0.6414230768082831,0.7048387096774194,191,0.1875,cv,cv,nettcr,
DATYQRTRALVR,aucroc,0.5018592387573798,0.5266546870320455,179,0.2777777777777778,cv,cv,nettcr,
CTFEYVSQPFLMDLE,aucroc,0.8297448958386233,0.8152254249815226,140,0.3009143807148794,cv,cv,nettcr,
RPPIFIRRL,aucroc,0.4809939989591051,0.3102261553588987,131,0.0842696629213483,cv,cv,nettcr,
NLVPMVATV,aucroc,0.5459512489925011,0.4508023702347347,975,0.2511666293303966,cv,cv,nettcr,
NLLLQYGSFCTQLNR,aucroc,0.4276508136041466,0.3177164208074534,856,0.21201413427561827,cv,cv,nettcr,
FTSDYYQLY,aucroc,0.4524326722744987,0.525280730198763,517,0.4367816091954023,cv,cv,nettcr,
NYNYLYRLF,aucroc,0.4754677220760189,0.2338772338772339,224,0.12362030905077262,cv,cv,nettcr,
PKYVKQNTLKLAT,aucroc,0.4958769310368917,0.4809503424657534,178,0.1583333333333333,cv,cv,nettcr,
SPRWYFYYL,aucroc,0.5481721537875782,0.5949248120300752,178,0.1875,cv,cv,nettcr,
CTFEYVSQPFLMDLE,aucroc,0.929234631451516,0.8190559440559442,162,0.3009143807148794,cv,cv,nettcr,
YLQPRTFLL,aucroc,0.5433362918127953,0.8043859649122808,144,0.1802413273001508,cv,cv,nettcr,
KLVALGINAV,aucroc,0.5888433582575542,0.4681922196796338,134,0.1701492537313433,cv,cv,nettcr,
TFEYVSQPFLMDLE,aucroc,0.6551561116785479,0.5520058111645629,927,0.1693373754872239,cv,cv,nettcr,
TTDPSFLGRY,aucroc,0.4922862612964035,0.4652022123720237,874,0.21638124746781556,cv,cv,nettcr,
LLWNGPMAV,aucroc,0.495572811556576,0.3195740365111562,593,0.2968970380818053,cv,cv,nettcr,
KTFPPTEPK,aucroc,0.5231353167472395,0.3671118985961565,311,0.1832298136645962,cv,cv,nettcr,
SPRWYFYYL,aucroc,0.5868107248937162,0.7333333333333334,187,0.1875,cv,cv,nettcr,
MEVTPSGTWL,aucroc,0.527230811700385,0.4774436090225564,155,0.15359477124183,cv,cv,nettcr,
CTFEYVSQPFLMDLE,aucroc,0.765072130863658,0.7856781376518219,142,0.3009143807148794,cv,cv,nettcr,
YLQPRTFLL,aucroc,0.6335198409247302,0.7637051039697542,138,0.1802413273001508,cv,cv,nettcr,
SPRWYFYYL,aucroc,0.5543541092873417,0.3662570068632022,1536,0.1875,cv,cv,atm_tcr,
GLCTLVAML,aucroc,0.5326755803668021,0.2831323409333585,665,0.2397959183673469,cv,cv,atm_tcr,
YLQPRTFLL,aucroc,0.6497121230466749,0.7506993006993007,136,0.1802413273001508,cv,cv,atm_tcr,
CTFEYVSQPFLMDLE,aucroc,0.6987609223446507,0.7663230240549829,136,0.3009143807148794,cv,cv,atm_tcr,
NLVPMVATV,aucroc,0.6132941649885223,0.6034285714285713,130,0.2511666293303966,cv,cv,atm_tcr,
CTFEYVSQPFLMDLE,aucroc,0.6309021774720242,0.607132565854207,1186,0.3009143807148794,cv,cv,atm_tcr,
TDEMIAQYTSALLAG,aucroc,0.5168711555879051,0.3986508994003997,784,0.2089171974522293,cv,cv,atm_tcr,
LTDEMIAQY,aucroc,0.5522678161316592,0.4573321809276865,332,0.181592039800995,cv,cv,atm_tcr,
CINGVCWTV,aucroc,0.5508859137567674,0.4982622432859399,256,0.1371237458193979,cv,cv,atm_tcr,
SPRWYFYYL,aucroc,0.7287520056618383,0.7694630872483221,189,0.1875,cv,cv,atm_tcr,
TPRVTGGGAM,aucroc,0.5329714064642742,0.3010720667063727,169,0.1888888888888888,cv,cv,atm_tcr,
YLQPRTFLL,aucroc,0.8345414408852205,0.8036458333333333,158,0.1802413273001508,cv,cv,atm_tcr,
NLVPMVATV,aucroc,0.7221424968581536,0.68212873067242,130,0.2511666293303966,cv,cv,atm_tcr,
RLPGVLPRA,aucroc,0.5398663795385906,0.4997629208155524,130,0.145985401459854,cv,cv,atm_tcr,
TFEYVSQPFLMDLE,aucroc,0.794974137995699,0.8692810457516339,129,0.1693373754872239,cv,cv,atm_tcr,
YLQPRTFLL,aucroc,0.4543422473579674,0.2438643451781635,1162,0.1802413273001508,cv,cv,atm_tcr,
TSRTLSYYKLGASQRVA,aucroc,0.4315281131850831,0.290521318426441,811,0.2061611374407582,cv,cv,atm_tcr,
QYIKWPWYI,aucroc,0.4383372920348193,0.3257555638179211,348,0.16386385640872864,cv,cv,atm_tcr,
NQKLIANQF,aucroc,0.4427428201794275,0.4107575757575757,233,0.1704545454545454,cv,cv,atm_tcr,
SPRWYFYYL,aucroc,0.6390592588464374,0.7503584229390681,191,0.1875,cv,cv,atm_tcr,
DATYQRTRALVR,aucroc,0.4629390088099838,0.4320155735250074,179,0.2777777777777778,cv,cv,atm_tcr,
CTFEYVSQPFLMDLE,aucroc,0.8099196591328768,0.865730475486573,140,0.3009143807148794,cv,cv,atm_tcr,
RPPIFIRRL,aucroc,0.4428848960868632,0.3711897738446411,131,0.0842696629213483,cv,cv,atm_tcr,
NLVPMVATV,aucroc,0.5153979018452177,0.4544708934157321,975,0.2511666293303966,cv,cv,atm_tcr,
NLLLQYGSFCTQLNR,aucroc,0.4895509364974552,0.2666804153726708,856,0.21201413427561827,cv,cv,atm_tcr,
FTSDYYQLY,aucroc,0.4988393367934891,0.4842821113312917,517,0.4367816091954023,cv,cv,atm_tcr,
NYNYLYRLF,aucroc,0.4928021335454183,0.2647630147630147,224,0.12362030905077262,cv,cv,atm_tcr,
PKYVKQNTLKLAT,aucroc,0.482771149072926,0.507277397260274,178,0.1583333333333333,cv,cv,atm_tcr,
SPRWYFYYL,aucroc,0.642234691598348,0.7607142857142858,178,0.1875,cv,cv,atm_tcr,
CTFEYVSQPFLMDLE,aucroc,0.801772382718922,0.81993006993007,162,0.3009143807148794,cv,cv,atm_tcr,
YLQPRTFLL,aucroc,0.7599154195700294,0.7923976608187134,144,0.1802413273001508,cv,cv,atm_tcr,
KLVALGINAV,aucroc,0.529977861195654,0.734096109839817,134,0.1701492537313433,cv,cv,atm_tcr,
TFEYVSQPFLMDLE,aucroc,0.6291191954952,0.6258298294192048,934,0.1693373754872239,cv,cv,atm_tcr,
TTDPSFLGRY,aucroc,0.566857366714018,0.4406748238783834,882,0.21638124746781556,cv,cv,atm_tcr,
LLWNGPMAV,aucroc,0.5365427933718828,0.432873767543769,580,0.2968970380818053,cv,cv,atm_tcr,
KTFPPTEPK,aucroc,0.5603627180033621,0.4255984089779103,304,0.1832298136645962,cv,cv,atm_tcr,
SPRWYFYYL,aucroc,0.6804423109396008,0.7546992481203008,187,0.1875,cv,cv,atm_tcr,
MEVTPSGTWL,aucroc,0.5901014153792044,0.4219889180519102,154,0.15359477124183,cv,cv,atm_tcr,
YLQPRTFLL,aucroc,0.730584308944089,0.7754098360655737,147,0.1802413273001508,cv,cv,atm_tcr,
CTFEYVSQPFLMDLE,aucroc,0.7597140482365115,0.8221153846153846,140,0.3009143807148794,cv,cv,atm_tcr,
NLVPMVATV,aucroc,0.6145500242525079,0.5202991452991453,134,0.2511666293303966,cv,cv,atm_tcr,
SPRWYFYYL,aucroc,0.5405562515480551,0.504599863386497,1536,0.1875,cv,cv,blosum_rf,
GLCTLVAML,aucroc,0.5327712625928848,0.2759955404811255,665,0.2397959183673469,cv,cv,blosum_rf,
YLQPRTFLL,aucroc,0.7543731720258443,0.6753496503496503,136,0.1802413273001508,cv,cv,blosum_rf,
CTFEYVSQPFLMDLE,aucroc,0.823483520067635,0.8177372455722971,136,0.3009143807148794,cv,cv,blosum_rf,
NLVPMVATV,aucroc,0.6487481046884036,0.6260952380952381,130,0.2511666293303966,cv,cv,blosum_rf,
CTFEYVSQPFLMDLE,aucroc,0.4960827880123772,0.4405010401731748,1186,0.3009143807148794,cv,cv,blosum_rf,
TDEMIAQYTSALLAG,aucroc,0.5023775505202209,0.4619992921385742,784,0.2089171974522293,cv,cv,blosum_rf,
LTDEMIAQY,aucroc,0.5090379184729861,0.4772976087582828,332,0.181592039800995,cv,cv,blosum_rf,
CINGVCWTV,aucroc,0.4933205020171938,0.4853607161664034,256,0.1371237458193979,cv,cv,blosum_rf,
SPRWYFYYL,aucroc,0.7311117754176023,0.7039429530201341,189,0.1875,cv,cv,blosum_rf,
TPRVTGGGAM,aucroc,0.50780457210637,0.4982132221560453,169,0.1888888888888888,cv,cv,blosum_rf,
YLQPRTFLL,aucroc,0.8770718550217202,0.8268229166666667,158,0.1802413273001508,cv,cv,blosum_rf,
RLPGVLPRA,aucroc,0.5022218657091315,0.5184921763869133,130,0.145985401459854,cv,cv,blosum_rf,
NLVPMVATV,aucroc,0.7040949558896643,0.7274361740381158,130,0.2511666293303966,cv,cv,blosum_rf,
TFEYVSQPFLMDLE,aucroc,0.8489462520398512,0.8807189542483661,129,0.1693373754872239,cv,cv,blosum_rf,
YLQPRTFLL,aucroc,0.4580200321907564,0.3109722256329658,1162,0.1802413273001508,cv,cv,blosum_rf,
TSRTLSYYKLGASQRVA,aucroc,0.4640117906060002,0.4894177976697411,811,0.2061611374407582,cv,cv,blosum_rf,
QYIKWPWYI,aucroc,0.4647964526209801,0.4795506453497636,348,0.16386385640872864,cv,cv,blosum_rf,
NQKLIANQF,aucroc,0.4525928633365064,0.524090909090909,233,0.1704545454545454,cv,cv,blosum_rf,
SPRWYFYYL,aucroc,0.702931836360059,0.7762544802867383,191,0.1875,cv,cv,blosum_rf,
DATYQRTRALVR,aucroc,0.4652153058710013,0.5375112309074573,179,0.2777777777777778,cv,cv,blosum_rf,
CTFEYVSQPFLMDLE,aucroc,0.872582556894713,0.9010840108401084,140,0.3009143807148794,cv,cv,blosum_rf,
RPPIFIRRL,aucroc,0.4587463898087859,0.437315634218289,131,0.0842696629213483,cv,cv,blosum_rf,
NLVPMVATV,aucroc,0.4932441197176596,0.4373998626688029,975,0.2511666293303966,cv,cv,blosum_rf,
NLLLQYGSFCTQLNR,aucroc,0.4652033804653419,0.3757359601449275,856,0.21201413427561827,cv,cv,blosum_rf,
FTSDYYQLY,aucroc,0.4789476602256736,0.4605776736924278,517,0.4367816091954023,cv,cv,blosum_rf,
NYNYLYRLF,aucroc,0.4857200599038692,0.3073038073038073,224,0.12362030905077262,cv,cv,blosum_rf,
PKYVKQNTLKLAT,aucroc,0.4850156371643253,0.4000428082191781,178,0.1583333333333333,cv,cv,blosum_rf,
SPRWYFYYL,aucroc,0.699236621976631,0.7908834586466166,178,0.1875,cv,cv,blosum_rf,
CTFEYVSQPFLMDLE,aucroc,0.8558803090972312,0.8301573426573425,162,0.3009143807148794,cv,cv,blosum_rf,
YLQPRTFLL,aucroc,0.7985123413075684,0.7915204678362573,144,0.1802413273001508,cv,cv,blosum_rf,
KLVALGINAV,aucroc,0.4652671040218025,0.619908466819222,134,0.1701492537313433,cv,cv,blosum_rf,
TFEYVSQPFLMDLE,aucroc,0.4843354706956199,0.3203541521044913,927,0.1693373754872239,cv,cv,blosum_rf,
TTDPSFLGRY,aucroc,0.4874239795913774,0.5346369591652611,874,0.21638124746781556,cv,cv,blosum_rf,
LLWNGPMAV,aucroc,0.4898089285838953,0.4843610547667342,593,0.2968970380818053,cv,cv,blosum_rf,
KTFPPTEPK,aucroc,0.4799197603730014,0.4651083549134524,311,0.1832298136645962,cv,cv,blosum_rf,
SPRWYFYYL,aucroc,0.6879980219932939,0.7297297297297297,187,0.1875,cv,cv,blosum_rf,
MEVTPSGTWL,aucroc,0.4930409332272345,0.5018796992481204,155,0.15359477124183,cv,cv,blosum_rf,
CTFEYVSQPFLMDLE,aucroc,0.8263853771865793,0.8466599190283401,142,0.3009143807148794,cv,cv,blosum_rf,
YLQPRTFLL,aucroc,0.760188098668765,0.7555765595463138,138,0.1802413273001508,cv,cv,blosum_rf,
SPRWYFYYL,aucroc,0.5390689062304324,0.4609377541173791,1536,0.1875,cv,cv,ergo_ii,
GLCTLVAML,aucroc,0.5479392916378307,0.3919822875447522,665,0.2397959183673469,cv,cv,ergo_ii,
YLQPRTFLL,aucroc,0.6571605099795294,0.7416083916083916,136,0.1802413273001508,cv,cv,ergo_ii,
CTFEYVSQPFLMDLE,aucroc,0.7478328548238813,0.7433254031192176,136,0.3009143807148794,cv,cv,ergo_ii,
NLVPMVATV,aucroc,0.5786583426422081,0.4590476190476191,130,0.2511666293303966,cv,cv,ergo_ii,
CTFEYVSQPFLMDLE,aucroc,0.4496920219899061,0.3330768041382024,1186,0.3009143807148794,cv,cv,ergo_ii,
TDEMIAQYTSALLAG,aucroc,0.4551342557124239,0.437921593937375,784,0.2089171974522293,cv,cv,ergo_ii,
LTDEMIAQY,aucroc,0.4961880219713342,0.5074618265629501,332,0.181592039800995,cv,cv,ergo_ii,
CINGVCWTV,aucroc,0.5034862070753464,0.45434439178515,256,0.1371237458193979,cv,cv,ergo_ii,
SPRWYFYYL,aucroc,0.4469201201957556,0.5206375838926175,189,0.1875,cv,cv,ergo_ii,
TPRVTGGGAM,aucroc,0.5466263165198686,0.4389517569982132,169,0.1888888888888888,cv,cv,ergo_ii,
YLQPRTFLL,aucroc,0.5355203307151732,0.4815104166666666,158,0.1802413273001508,cv,cv,ergo_ii,
RLPGVLPRA,aucroc,0.5279092513424679,0.5452821242294926,130,0.145985401459854,cv,cv,ergo_ii,
NLVPMVATV,aucroc,0.5319938585305178,0.4070478245235526,130,0.2511666293303966,cv,cv,ergo_ii,
TFEYVSQPFLMDLE,aucroc,0.4729397044044585,0.2087872185911402,129,0.1693373754872239,cv,cv,ergo_ii,
YLQPRTFLL,aucroc,0.43174761206579,0.2938827631934383,1162,0.1802413273001508,cv,cv,ergo_ii,
TSRTLSYYKLGASQRVA,aucroc,0.4899148006784714,0.4703281569934948,811,0.2061611374407582,cv,cv,ergo_ii,
QYIKWPWYI,aucroc,0.5163522523982471,0.6443936899134222,348,0.16386385640872864,cv,cv,ergo_ii,
NQKLIANQF,aucroc,0.4532285650326413,0.5684848484848485,233,0.1704545454545454,cv,cv,ergo_ii,
SPRWYFYYL,aucroc,0.6189933279067085,0.5406810035842294,191,0.1875,cv,cv,ergo_ii,
DATYQRTRALVR,aucroc,0.4914358845858307,0.4916142557651992,179,0.2777777777777778,cv,cv,ergo_ii,
CTFEYVSQPFLMDLE,aucroc,0.7953925446963444,0.8203991130820399,140,0.3009143807148794,cv,cv,ergo_ii,
RPPIFIRRL,aucroc,0.5141950866897548,0.5211406096361848,131,0.0842696629213483,cv,cv,ergo_ii,
NLVPMVATV,aucroc,0.48480330966848,0.4508405177894763,975,0.2511666293303966,cv,cv,ergo_ii,
NLLLQYGSFCTQLNR,aucroc,0.4752235013245647,0.3523752911490683,856,0.21201413427561827,cv,cv,ergo_ii,
FTSDYYQLY,aucroc,0.4890515844153343,0.4488080225785144,517,0.4367816091954023,cv,cv,ergo_ii,
NYNYLYRLF,aucroc,0.4779157139065244,0.2072649572649572,224,0.12362030905077262,cv,cv,ergo_ii,
PKYVKQNTLKLAT,aucroc,0.4692890496470686,0.5017123287671234,178,0.1583333333333333,cv,cv,ergo_ii,
SPRWYFYYL,aucroc,0.4799240315337688,0.5022556390977444,178,0.1875,cv,cv,ergo_ii,
CTFEYVSQPFLMDLE,aucroc,0.7769327544286945,0.6965034965034965,162,0.3009143807148794,cv,cv,ergo_ii,
YLQPRTFLL,aucroc,0.4928881642879744,0.5210526315789474,144,0.1802413273001508,cv,cv,ergo_ii,
KLVALGINAV,aucroc,0.4819248360599764,0.3798627002288329,134,0.1701492537313433,cv,cv,ergo_ii,
TFEYVSQPFLMDLE,aucroc,0.5743757278669315,0.5404108931924401,927,0.1693373754872239,cv,cv,ergo_ii,
TTDPSFLGRY,aucroc,0.5064283296319334,0.5114815831796964,874,0.21638124746781556,cv,cv,ergo_ii,
LLWNGPMAV,aucroc,0.5013099516770394,0.4393306288032454,593,0.2968970380818053,cv,cv,ergo_ii,
KTFPPTEPK,aucroc,0.4998101334299715,0.499795556767071,311,0.1832298136645962,cv,cv,ergo_ii,
SPRWYFYYL,aucroc,0.5313796396034431,0.5418018018018018,187,0.1875,cv,cv,ergo_ii,
MEVTPSGTWL,aucroc,0.5013524349166624,0.5898838004101162,155,0.15359477124183,cv,cv,ergo_ii,
CTFEYVSQPFLMDLE,aucroc,0.5856283018784062,0.5483299595141701,142,0.3009143807148794,cv,cv,ergo_ii,
YLQPRTFLL,aucroc,0.5396301976864263,0.6635160680529301,138,0.1802413273001508,cv,cv,ergo_ii,
SPRWYFYYL,aucroc,0.5181588838497148,0.5160195595840877,1536,0.1875,cv,cv,tcrbert,
GLCTLVAML,aucroc,0.4888045532458444,0.3237704918032786,665,0.2397959183673469,cv,cv,tcrbert,
YLQPRTFLL,aucroc,0.5996104334873813,0.6300699300699301,136,0.1802413273001508,cv,cv,tcrbert,
CTFEYVSQPFLMDLE,aucroc,0.635299737643647,0.7850911974623315,136,0.3009143807148794,cv,cv,tcrbert,
NLVPMVATV,aucroc,0.5682406586025422,0.5878095238095238,130,0.2511666293303966,cv,cv,tcrbert,
CTFEYVSQPFLMDLE,aucroc,0.5119211156605529,0.4866973798881111,1186,0.3009143807148794,cv,cv,tcrbert,
TDEMIAQYTSALLAG,aucroc,0.5098870142994838,0.4314415389740173,784,0.2089171974522293,cv,cv,tcrbert,
LTDEMIAQY,aucroc,0.5306230340902577,0.5080956496686834,332,0.181592039800995,cv,cv,tcrbert,
CINGVCWTV,aucroc,0.5622209539972316,0.5064770932069511,256,0.1371237458193979,cv,cv,tcrbert,
SPRWYFYYL,aucroc,0.5509705799191884,0.5323825503355704,189,0.1875,cv,cv,tcrbert,
TPRVTGGGAM,aucroc,0.5378569113405742,0.4118522930315663,169,0.1888888888888888,cv,cv,tcrbert,
YLQPRTFLL,aucroc,0.5823154188875295,0.6932291666666667,158,0.1802413273001508,cv,cv,tcrbert,
RLPGVLPRA,aucroc,0.5487766825827206,0.4869606448553816,130,0.145985401459854,cv,cv,tcrbert,
NLVPMVATV,aucroc,0.5633097151403796,0.5275080906148867,130,0.2511666293303966,cv,cv,tcrbert,
TFEYVSQPFLMDLE,aucroc,0.5467416471587546,0.788307915758896,129,0.1693373754872239,cv,cv,tcrbert,
YLQPRTFLL,aucroc,0.4963862770808858,0.3913509000270131,1162,0.1802413273001508,cv,cv,tcrbert,
TSRTLSYYKLGASQRVA,aucroc,0.499383477188657,0.5,811,0.2061611374407582,cv,cv,tcrbert,
QYIKWPWYI,aucroc,0.4935734120849617,0.5223880597014925,348,0.16386385640872864,cv,cv,tcrbert,
NQKLIANQF,aucroc,0.4958753304965068,0.4625757575757576,233,0.1704545454545454,cv,cv,tcrbert,
SPRWYFYYL,aucroc,0.6235929609606313,0.6168458781362007,191,0.1875,cv,cv,tcrbert,
DATYQRTRALVR,aucroc,0.5079320993073122,0.5197663971248876,179,0.2777777777777778,cv,cv,tcrbert,
CTFEYVSQPFLMDLE,aucroc,0.7206036701067691,0.7001724562700173,140,0.3009143807148794,cv,cv,tcrbert,
RPPIFIRRL,aucroc,0.4959604027404558,0.4513274336283186,131,0.0842696629213483,cv,cv,tcrbert,
NLVPMVATV,aucroc,0.5400985657067722,0.4101561506574095,975,0.2511666293303966,cv,cv,tcrbert,
NLLLQYGSFCTQLNR,aucroc,0.4920893768546428,0.4168162849378882,856,0.21201413427561827,cv,cv,tcrbert,
FTSDYYQLY,aucroc,0.5170424724873711,0.5496757341019636,517,0.4367816091954023,cv,cv,tcrbert,
NYNYLYRLF,aucroc,0.4740319920905831,0.3137140637140636,224,0.12362030905077262,cv,cv,tcrbert,
PKYVKQNTLKLAT,aucroc,0.5004141565032855,0.5258989726027397,178,0.1583333333333333,cv,cv,tcrbert,
SPRWYFYYL,aucroc,0.6451458282860543,0.6276315789473684,178,0.1875,cv,cv,tcrbert,
CTFEYVSQPFLMDLE,aucroc,0.7476682521936345,0.6811188811188811,162,0.3009143807148794,cv,cv,tcrbert,
YLQPRTFLL,aucroc,0.6096678875960864,0.7508771929824561,144,0.1802413273001508,cv,cv,tcrbert,
KLVALGINAV,aucroc,0.5225494734830909,0.4649885583524027,134,0.1701492537313433,cv,cv,tcrbert,
TFEYVSQPFLMDLE,aucroc,0.5280619442460905,0.4928182777572194,927,0.1693373754872239,cv,cv,tcrbert,
TTDPSFLGRY,aucroc,0.5120646774351706,0.5104538500764916,874,0.21638124746781556,cv,cv,tcrbert,
LLWNGPMAV,aucroc,0.5138644396722766,0.4344016227180527,593,0.2968970380818053,cv,cv,tcrbert,
KTFPPTEPK,aucroc,0.5162431741016295,0.5450456589886875,311,0.1832298136645962,cv,cv,tcrbert,
SPRWYFYYL,aucroc,0.5418470601123048,0.7248648648648649,187,0.1875,cv,cv,tcrbert,
MEVTPSGTWL,aucroc,0.5042159099451028,0.398838004101162,155,0.15359477124183,cv,cv,tcrbert,
CTFEYVSQPFLMDLE,aucroc,0.6007442671249558,0.7198886639676113,142,0.3009143807148794,cv,cv,tcrbert,
YLQPRTFLL,aucroc,0.5546907810729861,0.6128544423440453,138,0.1802413273001508,cv,cv,tcrbert,
